INSERT INTO collections (collection_id, user_id, comic_id) VALUES ('3', '4', '15');
INSERT INTO collections (collection_id, user_id, comic_id) VALUES ('4', '4', '8');
INSERT INTO collections (collection_id, user_id, comic_id) VALUES ('4', '4', '16');
INSERT INTO collections (collection_id, user_id, comic_id) VALUES ('4', '4', '17');
INSERT INTO collections (collection_id, user_id, comic_id) VALUES ('5', '4', '18');
INSERT INTO collections (collection_id, user_id, comic_id) VALUES ('5', '4', '19');
INSERT INTO collections (collection_id, user_id, comic_id) VALUES ('5', '4', '20');
INSERT INTO collections (collection_id, user_id, comic_id) VALUES ('6', '4', '21');
INSERT INTO collections (collection_id, user_id, comic_id) VALUES ('6', '4', '22');
INSERT INTO collections (collection_id, user_id, comic_id) VALUES ('6', '4', '23');
INSERT INTO collections (collection_id, user_id, comic_id) VALUES ('6', '4', '24');

INSERT INTO comic_character (comic_id, character_id) VALUES ('15', '5');
INSERT INTO comic_character (comic_id, character_id) VALUES ('16', '8');
INSERT INTO comic_character (comic_id, character_id) VALUES ('17', '8');
INSERT INTO comic_character (comic_id, character_id) VALUES ('18', '9');
INSERT INTO comic_character (comic_id, character_id) VALUES ('19', '9');
INSERT INTO comic_character (comic_id, character_id) VALUES ('20', '9');
INSERT INTO comic_character (comic_id, character_id) VALUES ('21', '2');
INSERT INTO comic_character (comic_id, character_id) VALUES ('22', '2');
INSERT INTO comic_character (comic_id, character_id) VALUES ('23', '2');
INSERT INTO comic_character (comic_id, character_id) VALUES ('24', '2');

INSERT INTO comics (title, comic_desc, publisher, maincharacter, edition) VALUES('BATMAN & ROBIN THE HUNT FOR ROBIN HC', 'AFTER LOOSING HIS SON DAMIAN - AKA ROBIN - BATMAN HAS FINALLY...', 'DC', 'BATMAN', '6');
INSERT INTO comics (title, comic_desc, publisher, maincharacter, edition) VALUES('SPIDER-MAN #1', 'SPIDER-MAN SAVES A WOMAN FROM BEING MUGGED...', 'MARVEL', 'SPIDER-MAN', '1');
INSERT INTO comics (title, comic_desc, publisher, maincharacter, edition) VALUES('THE AMAZING SPIDER-MAN: RENEW YOUR VOWS', 'THE GREEN GOBLIN RETURNS!  NORMIE OSBORN HAS BEEN PLOTTING BEHIND THE SCENES...', 'MARVEL', '11');
INSERT INTO comics (title, comic_desc, publisher, maincharacter, edition) VALUES('THE PUNISHER #1 BLACK PANTHER VARIANT', 'A BY-THE-NUMBERS DRUG BUST IS ABOUT TO TAKE FRANK CASTLE BY SURPRISE...', 'MARVEL', 'BLACK PANTHER', '1');
INSERT INTO comics (title, comic_desc, publisher, maincharacter, edition) VALUES('BLACK PANTHER RETURN OF THE DRAGON', 'BLACK PANTHER HEADS BACK TO NEW YORK', 'MARVEL', 'BLACK PANTHER', '38');
INSERT INTO comics (title, comic_desc, publisher, maincharacter, edition) VALUES('BLACK PANTHER: BACK TO AFRICA', 'OUT OF THE FRYING PAN...', 'MARVEL', 'BLACK PANTHER', '38');
INSERT INTO comics (title, comic_desc, publisher, maincharacter, edition) VALUES('WONDER WOMAN #38', 'WONDER WOMAN''S WORLD  IS TURNED UPSIDE DOWN AS SHE FINDS HERSELF...', 'DC', 'WONDER WOMAN', '38');
INSERT INTO comics (title, comic_desc, publisher, maincharacter, edition) VALUES('WONDER WOMAN #41', 'WONDER WOMAN TRAVELS ACROSS MOUNT OLYMPUS, FIRST VISITING DONNA TROY...', 'DC', 'WONDER WOMAN', '41');
INSERT INTO comics (title, comic_desc, publisher, maincharacter, edition) VALUES('BLACKEST NIGHT: WONDER WOMAN', 'BLACK LANTERN MAXWELL LORD HAS RISEN AND HE SEEKS...', 'DC', 'WONDER WOMAN', '23');
INSERT INTO comics (title, comic_desc, publisher, maincharacter, edition) VALUES('WONDER WOMAN: SPIRIT OF TRUTH', 'THIS BEAUTIFULLY PAINTED BOOK FINDS THE AMAZON PRINCESS HAVING A CRISIS OF FAITH...', 'DC', 'WONDER WOMAN', '12');

